Palavra,Custo,Cliques,Impressões,Conversões,Principais consultas com a palavra
contemplacar,"R$ 0,00",0,23,"0,00","(contemplacar, contemplacar bh, contemplacar multimarcas)"
consorcio,"R$ 0,00",0,22,"0,00","(gmac consorcio, h3 consorcio, absoluta consorcio e negócios ltda)"
contempladas,"R$ 1,82",1,22,"0,00","(contempladas brasil, cartas contempladas de motos, play contempladas)"
brasil,"R$ 1,82",1,20,"0,00",(contempladas brasil)
consórcio,"R$ 1,86",1,13,"0,00","(consórcio gmac, consórcio canopus cuiabá, consórcio chevrolet simulador)"
gmac,"R$ 1,86",1,12,"0,00","(gmac consorcio, consorcio chevrolet gmac, consorcio gmac)"
mycotas,"R$ 0,00",0,10,"0,00",(mycotas)
bh,"R$ 3,52",2,9,"0,00","(contemplacar bh, contempla car bh, casas geminadas em bh financiadas pela caixa)"
contempla,"R$ 3,52",2,9,"0,00","(contempla car bh, contempla car, contempla car multimarcas)"
ademicon,"R$ 0,00",0,8,"0,00","(ademicon telefone curitiba, ademicon curitiba, ademicon telefone)"
multimarcas,"R$ 0,00",0,8,"0,00","(portal multimarcas consorcios, contempla car multimarcas, contemplacar multimarcas)"
de,"R$ 0,00",0,7,"0,00","(cartas contempladas de motos, consórcio chevrolet tabela de preços, contemplacar para de minas)"
contempla car,"R$ 3,52",2,7,"0,00","(contempla car bh, contempla car, contempla car multimarcas)"
curitiba,"R$ 0,00",0,6,"0,00","(ademicon telefone curitiba, ademicon curitiba, telefone ademicon curitiba)"
telefone,"R$ 0,00",0,5,"0,00","(ademicon telefone curitiba, ademicon telefone, telefone ademicon curitiba)"
chevrolet,"R$ 0,00",0,5,"0,00","(consorcio chevrolet gmac, consórcio chevrolet simulador, consórcio chevrolet tabela de preços)"
contemplados,"R$ 3,08",2,5,"0,00","(carros contemplados a venda, consorcios contemplados veiculos, contemplados bh)"
contemplado,"R$ 0,00",0,5,"0,00","(consórcio contemplado natal rn, contemplado embracon com br, o que e ser contemplado no consórcio)"
simulador,"R$ 0,00",0,4,"0,00","(consórcio chevrolet simulador, simulador consórcio sicoob, simulador consórcio veículo)"
portal,"R$ 0,00",0,4,"0,00","(portal multimarcas consorcios, portal consorciado multimarcas)"
br,"R$ 0,00",0,4,"0,00","(contemplado embracon com br, foul's start br, www ademicon com br)"
com,"R$ 0,00",0,4,"0,00","(contemplado embracon com br, simulador de consorcio com lance embutido, www ademicon com br)"
consorcios,"R$ 1,94",1,4,"0,00","(portal multimarcas consorcios, consorcios contemplados veiculos)"
h3,"R$ 0,00",0,4,"0,00",(h3 consorcio)
canopus,"R$ 0,00",0,4,"0,00","(afv canopus, afv consorcio canopus, consórcio canopus cuiabá)"
contemplada,"R$ 0,00",0,4,"0,00","(carta contemplada, carta contemplada automovel, carta imobiliaria contemplada)"
veículos,"R$ 0,00",0,4,"0,00","(contemplar veículos, autofacil veículos florianópolis, castelinho veículos alfenas)"
contemplar,"R$ 0,00",0,3,"0,00","(contemplar veículos, contemplar multimarcas)"
marques,"R$ 0,00",0,3,"0,00",(grupo marques campo grande ms)
e,"R$ 0,00",0,3,"0,00","(absoluta consorcio e negócios ltda, o que e ser contemplado no consórcio)"
casas,"R$ 0,00",0,3,"0,00","(casas geminadas em bh financiadas pela caixa, casas à venda em porto velho para financiar, financiamento de casas em itaituba)"
grupo,"R$ 0,00",0,3,"0,00",(grupo marques campo grande ms)
www,"R$ 0,00",0,3,"0,00","(www ademicon com br, www consorcio chevrolet com br, www consorciochevrolet)"
iconsorcio,"R$ 0,00",0,3,"0,00",(iconsorcio)
ms,"R$ 0,00",0,3,"0,00",(grupo marques campo grande ms)
em,"R$ 0,00",0,3,"0,00","(casas geminadas em bh financiadas pela caixa, casas à venda em porto velho para financiar, financiamento de casas em itaituba)"
campo,"R$ 0,00",0,3,"0,00",(grupo marques campo grande ms)
consorcio honda,"R$ 0,00",0,3,"0,00","(consorcio honda goiania, consorcio honda)"
para,"R$ 0,00",0,3,"0,00","(casas à venda em porto velho para financiar, contemplacar para de minas, quanto tempo leva para ser contemplado no consórcio yamaha)"
carta,"R$ 0,00",0,3,"0,00","(carta contemplada, carta contemplada automovel, carta imobiliaria contemplada)"
grande,"R$ 0,00",0,3,"0,00",(grupo marques campo grande ms)
afv,"R$ 0,00",0,3,"0,00","(afv canopus, afv consorcio canopus)"
venda,"R$ 1,14",1,3,"0,00","(carro financiado à venda, carros contemplados a venda, casas à venda em porto velho para financiar)"
goiania,"R$ 0,00",0,2,"0,00",(consorcio honda goiania)
cooperativa,"R$ 0,00",0,2,"0,00",(cooperativa mista roma)
veiculos,"R$ 1,94",1,2,"0,00","(consorcios contemplados veiculos, redenção veiculos natal rn)"
mista,"R$ 0,00",0,2,"0,00",(cooperativa mista roma)
ltda,"R$ 0,00",0,2,"0,00",(absoluta consorcio e negócios ltda)
negócios,"R$ 0,00",0,2,"0,00",(absoluta consorcio e negócios ltda)
cnk,"R$ 0,00",0,2,"0,00",(cnk)
absoluta,"R$ 0,00",0,2,"0,00",(absoluta consorcio e negócios ltda)
à venda,"R$ 0,00",0,2,"0,00","(carro financiado à venda, casas à venda em porto velho para financiar)"
roma,"R$ 0,00",0,2,"0,00",(cooperativa mista roma)
natal rn,"R$ 0,00",0,2,"0,00","(consórcio contemplado natal rn, redenção veiculos natal rn)"
fácil,"R$ 0,00",0,2,"0,00",(contempla fácil)
no,"R$ 0,00",0,2,"0,00","(o que e ser contemplado no consórcio, quanto tempo leva para ser contemplado no consórcio yamaha)"
ser contemplado,"R$ 0,00",0,2,"0,00","(o que e ser contemplado no consórcio, quanto tempo leva para ser contemplado no consórcio yamaha)"
play,"R$ 0,00",0,1,"0,00",(play contempladas)
casa,"R$ 0,00",0,1,"0,00",(casa contemplada)
consorciochevrolet,"R$ 0,00",0,1,"0,00",(www consorciochevrolet)
pela,"R$ 0,00",0,1,"0,00",(casas geminadas em bh financiadas pela caixa)
preços,"R$ 0,00",0,1,"0,00",(consórcio chevrolet tabela de preços)
veículo,"R$ 0,00",0,1,"0,00",(simulador consórcio veículo)
sperta,"R$ 0,00",0,1,"0,00",(sperta consórcio contemplado)
taxa,"R$ 0,00",0,1,"0,00",(taxa de contemplação)
iconsorcios,"R$ 0,00",0,1,"0,00",(iconsorcios)
foul's,"R$ 0,00",0,1,"0,00",(foul's start br)
cartas,"R$ 0,00",0,1,"0,00",(cartas contempladas de motos)
minas,"R$ 0,00",0,1,"0,00",(contemplacar para de minas)
motos,"R$ 0,00",0,1,"0,00",(cartas contempladas de motos)
mucotas,"R$ 0,00",0,1,"0,00",(mucotas)
porto,"R$ 0,00",0,1,"0,00",(casas à venda em porto velho para financiar)
andreas,"R$ 0,00",0,1,"0,00",(andreas arnold)
caixa,"R$ 0,00",0,1,"0,00",(casas geminadas em bh financiadas pela caixa)
castelinho,"R$ 0,00",0,1,"0,00",(castelinho veículos alfenas)
redenção,"R$ 0,00",0,1,"0,00",(redenção veiculos natal rn)
a,"R$ 1,14",1,1,"0,00",(carros contemplados a venda)
contemplação,"R$ 0,00",0,1,"0,00",(taxa de contemplação)
o,"R$ 0,00",0,1,"0,00",(o que e ser contemplado no consórcio)
imobiliaria,"R$ 0,00",0,1,"0,00",(carta imobiliaria contemplada)
autofacil,"R$ 0,00",0,1,"0,00",(autofacil veículos florianópolis)
luck,"R$ 0,00",0,1,"0,00",(luck contemplados)
embutido,"R$ 0,00",0,1,"0,00",(simulador de consorcio com lance embutido)
geminadas,"R$ 0,00",0,1,"0,00",(casas geminadas em bh financiadas pela caixa)
tempo,"R$ 0,00",0,1,"0,00",(quanto tempo leva para ser contemplado no consórcio yamaha)
tradicional,"R$ 0,00",0,1,"0,00",(consórcio tradicional)
yamaha,"R$ 0,00",0,1,"0,00",(quanto tempo leva para ser contemplado no consórcio yamaha)
tabela,"R$ 0,00",0,1,"0,00",(consórcio chevrolet tabela de preços)
administradora,"R$ 0,00",0,1,"0,00",(gmac administradora de consórcios)
itaituba,"R$ 0,00",0,1,"0,00",(financiamento de casas em itaituba)
automovel,"R$ 0,00",0,1,"0,00",(carta contemplada automovel)
financiamento,"R$ 0,00",0,1,"0,00",(financiamento de casas em itaituba)
lance,"R$ 0,00",0,1,"0,00",(simulador de consorcio com lance embutido)
financiado,"R$ 0,00",0,1,"0,00",(carro financiado à venda)
sicoob,"R$ 0,00",0,1,"0,00",(simulador consórcio sicoob)
arnold,"R$ 0,00",0,1,"0,00",(andreas arnold)
florianópolis,"R$ 0,00",0,1,"0,00",(autofacil veículos florianópolis)
carro,"R$ 0,00",0,1,"0,00",(carro financiado à venda)
financiadas,"R$ 0,00",0,1,"0,00",(casas geminadas em bh financiadas pela caixa)
financiar,"R$ 0,00",0,1,"0,00",(casas à venda em porto velho para financiar)
que,"R$ 0,00",0,1,"0,00",(o que e ser contemplado no consórcio)
consórcios,"R$ 0,00",0,1,"0,00",(gmac administradora de consórcios)
velho,"R$ 0,00",0,1,"0,00",(casas à venda em porto velho para financiar)
lume,"R$ 0,00",0,1,"0,00",(lume contemplados)
leva,"R$ 0,00",0,1,"0,00",(quanto tempo leva para ser contemplado no consórcio yamaha)
cuiabá,"R$ 0,00",0,1,"0,00",(consórcio canopus cuiabá)
alfenas,"R$ 0,00",0,1,"0,00",(castelinho veículos alfenas)
start,"R$ 0,00",0,1,"0,00",(foul's start br)
mobile,"R$ 0,00",0,1,"0,00",(mobile consorcio)
consorciado,"R$ 0,00",0,1,"0,00",(portal consorciado multimarcas)
imperium,"R$ 0,00",0,1,"0,00",(imperium consorcio)
iconsórcios,"R$ 0,00",0,1,"0,00",(iconsórcios)
embracon,"R$ 0,00",0,1,"0,00",(contemplado embracon com br)
menegalli,"R$ 0,00",0,1,"0,00",(menegalli)
carros,"R$ 1,14",1,1,"0,00",(carros contemplados a venda)
quanto,"R$ 0,00",0,1,"0,00",(quanto tempo leva para ser contemplado no consórcio yamaha)
