Pesquisar,Custo,Cliques,Impressões,Conversões
contempladas brasil,"R$ 1,82",1,20,"0,00"
contemplacar,"R$ 0,00",0,17,"0,00"
mycotas,"R$ 0,00",0,10,"0,00"
contemplacar bh,"R$ 0,00",0,4,"0,00"
gmac consorcio,"R$ 0,00",0,4,"0,00"
h3 consorcio,"R$ 0,00",0,4,"0,00"
ademicon telefone curitiba,"R$ 0,00",0,3,"0,00"
contempla car bh,"R$ 3,52",2,3,"0,00"
grupo marques campo grande ms,"R$ 0,00",0,3,"0,00"
iconsorcio,"R$ 0,00",0,3,"0,00"
portal multimarcas consorcios,"R$ 0,00",0,3,"0,00"
absoluta consorcio e negócios ltda,"R$ 0,00",0,2,"0,00"
ademicon curitiba,"R$ 0,00",0,2,"0,00"
afv canopus,"R$ 0,00",0,2,"0,00"
cnk,"R$ 0,00",0,2,"0,00"
consorcio chevrolet gmac,"R$ 0,00",0,2,"0,00"
consorcio gmac,"R$ 0,00",0,2,"0,00"
consorcio honda goiania,"R$ 0,00",0,2,"0,00"
consórcio gmac,"R$ 1,86",1,2,"0,00"
contempla car,"R$ 0,00",0,2,"0,00"
contempla car multimarcas,"R$ 0,00",0,2,"0,00"
contempla fácil,"R$ 0,00",0,2,"0,00"
contemplar veículos,"R$ 0,00",0,2,"0,00"
cooperativa mista roma,"R$ 0,00",0,2,"0,00"
ademicon telefone,"R$ 0,00",0,1,"0,00"
afv consorcio canopus,"R$ 0,00",0,1,"0,00"
andreas arnold,"R$ 0,00",0,1,"0,00"
autofacil veículos florianópolis,"R$ 0,00",0,1,"0,00"
carro financiado à venda,"R$ 0,00",0,1,"0,00"
carros contemplados a venda,"R$ 1,14",1,1,"0,00"
carta contemplada,"R$ 0,00",0,1,"0,00"
carta contemplada automovel,"R$ 0,00",0,1,"0,00"
carta imobiliaria contemplada,"R$ 0,00",0,1,"0,00"
cartas contempladas de motos,"R$ 0,00",0,1,"0,00"
casa contemplada,"R$ 0,00",0,1,"0,00"
casas geminadas em bh financiadas pela caixa,"R$ 0,00",0,1,"0,00"
casas à venda em porto velho para financiar,"R$ 0,00",0,1,"0,00"
castelinho veículos alfenas,"R$ 0,00",0,1,"0,00"
consorcio honda,"R$ 0,00",0,1,"0,00"
consorcios contemplados veiculos,"R$ 1,94",1,1,"0,00"
consórcio canopus cuiabá,"R$ 0,00",0,1,"0,00"
consórcio chevrolet simulador,"R$ 0,00",0,1,"0,00"
consórcio chevrolet tabela de preços,"R$ 0,00",0,1,"0,00"
consórcio contemplado natal rn,"R$ 0,00",0,1,"0,00"
consórcio tradicional,"R$ 0,00",0,1,"0,00"
contemplacar multimarcas,"R$ 0,00",0,1,"0,00"
contemplacar para de minas,"R$ 0,00",0,1,"0,00"
contemplado embracon com br,"R$ 0,00",0,1,"0,00"
contemplados bh,"R$ 0,00",0,1,"0,00"
contemplar multimarcas,"R$ 0,00",0,1,"0,00"
financiamento de casas em itaituba,"R$ 0,00",0,1,"0,00"
foul's start br,"R$ 0,00",0,1,"0,00"
gmac administradora de consórcios,"R$ 0,00",0,1,"0,00"
gmac consórcio,"R$ 0,00",0,1,"0,00"
iconsorcios,"R$ 0,00",0,1,"0,00"
iconsórcios,"R$ 0,00",0,1,"0,00"
imperium consorcio,"R$ 0,00",0,1,"0,00"
luck contemplados,"R$ 0,00",0,1,"0,00"
lume contemplados,"R$ 0,00",0,1,"0,00"
menegalli,"R$ 0,00",0,1,"0,00"
mobile consorcio,"R$ 0,00",0,1,"0,00"
mucotas,"R$ 0,00",0,1,"0,00"
o que e ser contemplado no consórcio,"R$ 0,00",0,1,"0,00"
play contempladas,"R$ 0,00",0,1,"0,00"
portal consorciado multimarcas,"R$ 0,00",0,1,"0,00"
quanto tempo leva para ser contemplado no consórcio yamaha,"R$ 0,00",0,1,"0,00"
redenção veiculos natal rn,"R$ 0,00",0,1,"0,00"
simulador consórcio sicoob,"R$ 0,00",0,1,"0,00"
simulador consórcio veículo,"R$ 0,00",0,1,"0,00"
simulador de consorcio com lance embutido,"R$ 0,00",0,1,"0,00"
sperta consórcio contemplado,"R$ 0,00",0,1,"0,00"
taxa de contemplação,"R$ 0,00",0,1,"0,00"
telefone ademicon curitiba,"R$ 0,00",0,1,"0,00"
www ademicon com br,"R$ 0,00",0,1,"0,00"
www consorcio chevrolet com br,"R$ 0,00",0,1,"0,00"
www consorciochevrolet,"R$ 0,00",0,1,"0,00"
